Group,Country,Full Name,Club,Position,Ability
Group A,Czech Republic,Matej Kovar,PSV Eindhoven,GK,127
Group A,Czech Republic,David Zima,Slavia Prague,DF,115
Group A,Czech Republic,Tomas Holes,Slavia Prague,DF,115
Group A,Czech Republic,Robin Hranac,TSG Hoffenheim,DF,123
Group A,Czech Republic,Vladimir Coufal,TSG Hoffenheim,DF,122
Group A,Czech Republic,Stepan Chaloupek,Slavia Prague,DF,113
Group A,Czech Republic,Ladislav Krejci,Wolverhampton Wanderers,DF,121
Group A,Czech Republic,Vladimir Darida,Hradec Kralove,MF,84
Group A,Czech Republic,Adam Hlozek,TSG Hoffenheim,FW,120
Group A,Czech Republic,Patrik Schick,Bayer Leverkusen,FW,138
Group A,Czech Republic,Jan Kuchta,Sparta Prague,FW,113
Group A,Czech Republic,Lukas Cerv,Viktoria Plzen,MF,113
Group A,Czech Republic,Mojmir Chytil,Slavia Prague,FW,113
Group A,Czech Republic,David Jurasek,Slavia Prague,DF,115
Group A,Czech Republic,Pavel Sulc,Lyon,FW,126
Group A,Czech Republic,Jindrich Stanek,Slavia Prague,GK,114
Group A,Czech Republic,Lukas Provod,Slavia Prague,MF,115
Group A,Czech Republic,Michal Sadilek,Slavia Prague,MF,112
Group A,Czech Republic,Tomas Chory,Slavia Prague,FW,116
Group A,Czech Republic,Jaroslav Zeleny,Sparta Prague,DF,111
Group A,Czech Republic,David Doudera,Slavia Prague,DF,114
Group A,Czech Republic,Tomas Soucek,West Ham United,MF,123
Group A,Czech Republic,Lukas Hornicek,Braga,GK,108
Group A,Czech Republic,Alexandr Sojka,Viktoria Plzen,MF,112
Group A,Czech Republic,Hugo Sochurek,Sparta Prague,MF,113
Group A,Czech Republic,Denis Visinsky,Viktoria Plzen,FW,112
Group A,Mexico,Raul Rangel,Guadalajara,GK,112
Group A,Mexico,Jorge Sanchez,PAOK,DF,114
Group A,Mexico,Cesar Montes,Lokomotiv Moscow,DF,101
Group A,Mexico,Edson Alvarez,Fenerbahce,DF,116
Group A,Mexico,Johan Vasquez,Genoa,DF,118
Group A,Mexico,Erik Lira,Cruz Azul,MF,112
Group A,Mexico,Luis Romo,Guadalajara,MF,110
Group A,Mexico,Alvaro Fidalgo,Real Betis,MF,130
Group A,Mexico,Raul Jimenez,Fulham,FW,122
Group A,Mexico,Alexis Vega,Toluca,FW,111
Group A,Mexico,Santiago Gimenez,Milan,FW,140
Group A,Mexico,Carlos Acevedo,Santos Laguna,GK,98
Group A,Mexico,Guillermo Ochoa,AEL Limassol,GK,96
Group A,Mexico,Armando Gonzalez,Guadalajara,FW,110
Group A,Mexico,Israel Reyes,America,DF,114
Group A,Mexico,Julian Quinones,Al-Qadsiah,FW,105
Group A,Mexico,Orbelin Pineda,AEK Athens,MF,113
Group A,Mexico,Obed Vargas,Atletico Madrid,MF,148
Group A,Mexico,Gilberto Mora,Tijuana,MF,98
Group A,Mexico,Mateo Chavez,AZ,DF,108
Group A,Mexico,Cesar Huerta,Anderlecht,FW,112
Group A,Mexico,Guillermo Martinez,Pumas UNAM,FW,108
Group A,Mexico,Jesus Gallardo,Toluca,DF,111
Group A,Mexico,Luis Chavez,Dynamo Moscow,MF,100
Group A,Mexico,Roberto Alvarado,Guadalajara,FW,112
Group A,Mexico,Brian Gutierrez,Guadalajara,MF,112
Group A,South Africa,Ronwen Williams,Mamelodi Sundowns,GK,104
Group A,South Africa,Thabang Matuludi,Polokwane City,DF,83
Group A,South Africa,Khulumani Ndamane,Mamelodi Sundowns,DF,104
Group A,South Africa,Teboho Mokoena,Mamelodi Sundowns,MF,104
Group A,South Africa,Thalente Mbatha,Orlando Pirates,MF,99
Group A,South Africa,Aubrey Modiba,Mamelodi Sundowns,DF,101
Group A,South Africa,Oswin Appollis,Orlando Pirates,FW,100
Group A,South Africa,Tshepang Moremi,Orlando Pirates,FW,99
Group A,South Africa,Lyle Foster,Burnley,FW,120
Group A,South Africa,Relebohile Mofokeng,Orlando Pirates,FW,99
Group A,South Africa,Themba Zwane,Mamelodi Sundowns,MF,102
Group A,South Africa,Thapelo Maseko,AEL Limassol,FW,96
Group A,South Africa,Sphephelo Sithole,Tondela,MF,145
Group A,South Africa,Mbekezeli Mbokazi,Chicago Fire FC,DF,97
Group A,South Africa,Iqraam Rayners,Mamelodi Sundowns,FW,102
Group A,South Africa,Sipho Chaine,Orlando Pirates,GK,101
Group A,South Africa,Evidence Makgopa,Orlando Pirates,FW,101
Group A,South Africa,Samukele Kabini,Molde,DF,103
Group A,South Africa,Nkosinathi Sibisi,Orlando Pirates,DF,101
Group A,South Africa,Khuliso Mudau,Mamelodi Sundowns,DF,104
Group A,South Africa,Ime Okon,Hannover 96,DF,85
Group A,South Africa,Ricardo Goss,Siwelele,GK,96
Group A,South Africa,Jayden Adams,Mamelodi Sundowns,MF,103
Group A,South Africa,Olwethu Makhanya,Philadelphia Union,DF,100
Group A,South Africa,Kamogelo Sebelebele,Orlando Pirates,FW,100
Group A,South Africa,Bradley Cross,Kaizer Chiefs,DF,100
Group A,South Korea,Kim Seung-gyu,FC Tokyo,GK,99
Group A,South Korea,Lee Han-beom,Midtjylland,DF,112
Group A,South Korea,Lee Gi-hyuk,Gangwon FC,MF,99
Group A,South Korea,Kim Min-jae,Bayern Munich,DF,168
Group A,South Korea,Kim Tae-hyeon,Kashima Antlers,DF,100
Group A,South Korea,Hwang In-beom,Feyenoord,MF,126
Group A,South Korea,Son Heung-min,Los Angeles FC,FW,152
Group A,South Korea,Paik Seung-ho,Birmingham City,MF,108
Group A,South Korea,Cho Gue-sung,Midtjylland,FW,112
Group A,South Korea,Lee Jae-sung,Mainz 05,MF,120
Group A,South Korea,Hwang Hee-chan,Wolverhampton Wanderers,MF,122
Group A,South Korea,Song Bum-keun,Jeonbuk Hyundai Motors,GK,99
Group A,South Korea,Lee Tae-seok,Austria Wien,DF,100
Group A,South Korea,Cho Wi-je,Jeonbuk Hyundai Motors,DF,101
Group A,South Korea,Kim Moon-hwan,Daejeon Hana Citizen,DF,96
Group A,South Korea,Park Jin-seob,Zhejiang,DF,84
Group A,South Korea,Bae Jun-ho,Stoke City,MF,109
Group A,South Korea,Oh Hyeon-gyu,Besiktas,FW,114
Group A,South Korea,Lee Kang-in,Paris Saint-Germain,MF,168
Group A,South Korea,Yang Hyun-jun,Celtic,MF,114
Group A,South Korea,Jo Hyeon-woo,Ulsan HD,GK,100
Group A,South Korea,Seol Young-woo,Red Star Belgrade,DF,112
Group A,South Korea,Jens Castrop,Borussia Monchengladbach,DF,120
Group A,South Korea,Kim Jin-gyu,Jeonbuk Hyundai Motors,MF,100
Group A,South Korea,Eom Ji-sung,Swansea City,MF,108
Group A,South Korea,Lee Dong-gyeong,Ulsan HD,MF,101
Group B,Bosnia and Herzegovina,Nikola Vasilj,FC St. Pauli,GK,118
Group B,Bosnia and Herzegovina,Nihad Mujakic,Gaziantep,DF,98
Group B,Bosnia and Herzegovina,Dennis Hadzikadunic,Sampdoria,DF,84
Group B,Bosnia and Herzegovina,Tarik Muharemovic,Sassuolo,DF,120
Group B,Bosnia and Herzegovina,Sead Kolasinac,Atalanta,DF,132
Group B,Bosnia and Herzegovina,Benjamin Tahirovic,Brondby,MF,98
Group B,Bosnia and Herzegovina,Amar Dedic,Benfica,DF,132
Group B,Bosnia and Herzegovina,Armin Gigovic,Young Boys,MF,112
Group B,Bosnia and Herzegovina,Samed Bazdar,Jagiellonia Bialystok,FW,96
Group B,Bosnia and Herzegovina,Ermedin Demirovic,VfB Stuttgart,FW,124
Group B,Bosnia and Herzegovina,Edin Dzeko,Schalke 04,FW,130
Group B,Bosnia and Herzegovina,Mladen Jurkas,Borac Banja Luka,GK,82
Group B,Bosnia and Herzegovina,Ivan Basic,Astana,MF,80
Group B,Bosnia and Herzegovina,Ivan Sunjic,Pafos,MF,96
Group B,Bosnia and Herzegovina,Amar Memic,Viktoria Plzen,MF,112
Group B,Bosnia and Herzegovina,Amir Hadziahmetovic,Hull City,MF,109
Group B,Bosnia and Herzegovina,Dzenis Burnic,Karlsruher SC,MF,85
Group B,Bosnia and Herzegovina,Nikola Katic,Schalke 04,DF,86
Group B,Bosnia and Herzegovina,Kerim Alajbegovic,Red Bull Salzburg,FW,115
Group B,Bosnia and Herzegovina,Esmir Bajraktarevic,PSV Eindhoven,FW,129
Group B,Bosnia and Herzegovina,Stjepan Radeljic,Rijeka,DF,98
Group B,Bosnia and Herzegovina,Martin Zlomislic,Rijeka,GK,100
Group B,Bosnia and Herzegovina,Haris Tabakovic,Borussia Monchengladbach,FW,122
Group B,Bosnia and Herzegovina,Arjan Malic,Sturm Graz,DF,98
Group B,Bosnia and Herzegovina,Jovo Lukic,Universitatea Cluj,FW,84
Group B,Bosnia and Herzegovina,Ermin Mahmic,Slovan Liberec,MF,85
Group B,Canada,Dayne St. Clair,Inter Miami CF,GK,104
Group B,Canada,Alistair Johnston,Celtic,DF,116
Group B,Canada,Alfie Jones,Middlesbrough,DF,108
Group B,Canada,Luc de Fougerolles,Dender EH,DF,113
Group B,Canada,Joel Waterman,Chicago Fire FC,DF,99
Group B,Canada,Mathieu Choiniere,Los Angeles FC,MF,106
Group B,Canada,Stephen Eustaquio,Los Angeles FC,MF,103
Group B,Canada,Ismael Kone,Sassuolo,MF,118
Group B,Canada,Cyle Larin,Southampton,FW,111
Group B,Canada,Jonathan David,Juventus,FW,151
Group B,Canada,Liam Millar,Hull City,MF,108
Group B,Canada,Tani Oluwaseyi,Villarreal,FW,132
Group B,Canada,Derek Cornelius,Rangers,DF,115
Group B,Canada,Jacob Shaffelburg,Los Angeles FC,MF,104
Group B,Canada,Moise Bombito,Nice,DF,123
Group B,Canada,Maxime Crepeau,Orlando City SC,GK,96
Group B,Canada,Tajon Buchanan,Villarreal,FW,132
Group B,Canada,Owen Goodman,Barnsley,GK,96
Group B,Canada,Alphonso Davies,Bayern Munich,DF,155
Group B,Canada,Ali Ahmed,Norwich City,FW,108
Group B,Canada,Jonathan Osorio,Toronto FC,MF,102
Group B,Canada,Richie Laryea,Toronto FC,DF,103
Group B,Canada,Niko Sigur,Hajduk Split,DF,98
Group B,Canada,Promise David,Union Saint-Gilloise,FW,114
Group B,Canada,Nathan Saliba,Anderlecht,MF,123
Group B,Canada,Jayden Nelson,Austin FC,FW,99
Group B,Qatar,Mahmud Abunada,Al-Rayyan,GK,84
Group B,Qatar,Pedro Miguel,Al-Sadd,DF,100
Group B,Qatar,Lucas Mendes,Al-Wakrah,DF,82
Group B,Qatar,Issa Laye,Al-Arabi,DF,84
Group B,Qatar,Jassem Gaber,Al-Rayyan,DF,86
Group B,Qatar,Abdulaziz Hatem,Al-Rayyan,MF,86
Group B,Qatar,Ahmed Alaaeldin,Al-Rayyan,FW,85
Group B,Qatar,Edmilson Junior,Al-Duhail,FW,102
Group B,Qatar,Mohammed Muntari,Al-Gharafa,FW,84
Group B,Qatar,Hassan Al-Haydos,Al-Sadd,FW,102
Group B,Qatar,Akram Afif,Al-Sadd,FW,121
Group B,Qatar,Karim Boudiaf,Al-Duhail,MF,101
Group B,Qatar,Ayoub Al-Oui,Al-Gharafa,DF,85
Group B,Qatar,Homam Ahmed,Cultural Leonesa,DF,83
Group B,Qatar,Yusuf Abdurisag,Al-Wakrah,FW,84
Group B,Qatar,Boualem Khoukhi,Al-Sadd,DF,102
Group B,Qatar,Ahmed Al-Ganehi,Al-Gharafa,MF,84
Group B,Qatar,Sultan Al-Brake,Al-Duhail,DF,101
Group B,Qatar,Almoez Ali,Al-Duhail,FW,102
Group B,Qatar,Ahmed Fathy,Al-Arabi,MF,85
Group B,Qatar,Salah Zakaria,Al-Duhail,GK,101
Group B,Qatar,Meshaal Barsham,Al-Sadd,GK,100
Group B,Qatar,Assim Madibo,Al-Wakrah,MF,84
Group B,Qatar,Tahsin Jamshid,Al-Duhail,FW,102
Group B,Qatar,Al-Hashmi Al-Hussain,Al-Arabi,DF,84
Group B,Qatar,Mohamed Manai,Al-Shamal,FW,81
Group B,Switzerland,Gregor Kobel,Borussia Dortmund,GK,150
Group B,Switzerland,Miro Muheim,Hamburger SV,DF,118
Group B,Switzerland,Silvan Widmer,Mainz 05,DF,120
Group B,Switzerland,Nico Elvedi,Borussia Monchengladbach,DF,122
Group B,Switzerland,Manuel Akanji,Inter Milan,DF,147
Group B,Switzerland,Denis Zakaria,Monaco,MF,130
Group B,Switzerland,Breel Embolo,Rennes,FW,126
Group B,Switzerland,Remo Freuler,Bologna,MF,127
Group B,Switzerland,Johan Manzambi,SC Freiburg,MF,121
Group B,Switzerland,Granit Xhaka,Sunderland,MF,153
Group B,Switzerland,Dan Ndoye,Nottingham Forest,FW,122
Group B,Switzerland,Yvon Mvogo,Lorient,GK,118
Group B,Switzerland,Ricardo Rodriguez,Real Betis,DF,128
Group B,Switzerland,Ardon Jashari,Milan,MF,137
Group B,Switzerland,Djibril Sow,Sevilla,MF,130
Group B,Switzerland,Christian Fassnacht,Young Boys,FW,112
Group B,Switzerland,Ruben Vargas,Sevilla,FW,129
Group B,Switzerland,Eray Comert,Valencia,DF,122
Group B,Switzerland,Noah Okafor,Leeds United,FW,130
Group B,Switzerland,Michel Aebischer,Pisa,MF,118
Group B,Switzerland,Marvin Keller,Young Boys,GK,114
Group B,Switzerland,Fabian Rieder,FC Augsburg,MF,119
Group B,Switzerland,Zeki Amdouni,Burnley,FW,118
Group B,Switzerland,Aurele Amenda,Eintracht Frankfurt,DF,124
Group B,Switzerland,Luca Jaquez,VfB Stuttgart,DF,124
Group B,Switzerland,Cedric Itten,Fortuna Dusseldorf,FW,83
Group C,Brazil,Alisson,Liverpool,GK,174
Group C,Brazil,Ederson Silva,Atalanta,MF,134
Group C,Brazil,Gabriel Magalhaes,Arsenal,DF,183
Group C,Brazil,Marquinhos,Paris Saint-Germain,DF,169
Group C,Brazil,Casemiro,Manchester United,MF,151
Group C,Brazil,Alex Sandro,Flamengo,DF,118
Group C,Brazil,Vinicius Junior,Real Madrid,FW,178
Group C,Brazil,Bruno Guimaraes,Newcastle United,MF,144
Group C,Brazil,Matheus Cunha,Manchester United,FW,151
Group C,Brazil,Neymar,Santos,FW,138
Group C,Brazil,Raphinha,Barcelona,FW,174
Group C,Brazil,Weverton,Gremio,GK,113
Group C,Brazil,Danilo Luiz,Flamengo,DF,116
Group C,Brazil,Bremer,Juventus,DF,147
Group C,Brazil,Leo Pereira,Flamengo,DF,117
Group C,Brazil,Douglas Santos,Zenit Saint Petersburg,DF,103
Group C,Brazil,Fabinho,Al-Ittihad,MF,118
Group C,Brazil,Danilo Santos,Botafogo,MF,114
Group C,Brazil,Endrick,Lyon,FW,132
Group C,Brazil,Lucas Paqueta,Flamengo,MF,123
Group C,Brazil,Luiz Henrique,Zenit Saint Petersburg,FW,105
Group C,Brazil,Gabriel Martinelli,Arsenal,FW,161
Group C,Brazil,Ederson Moraes,Fenerbahce,GK,116
Group C,Brazil,Roger Ibanez,Al-Ahli,DF,116
Group C,Brazil,Igor Thiago,Brentford,FW,122
Group C,Brazil,Rayan,Bournemouth,FW,123
Group C,Haiti,Johny Placide,Bastia,GK,82
Group C,Haiti,Carlens Arcus,Angers,DF,118
Group C,Haiti,Keeto Thermoncy,Young Boys,DF,112
Group C,Haiti,Ricardo Ade,LDU Quito,DF,99
Group C,Haiti,Hannes Delcroix,Lugano,DF,98
Group C,Haiti,Carl Sainte,El Paso Locomotive FC,MF,84
Group C,Haiti,Derrick Etienne Jr.,Toronto FC,FW,102
Group C,Haiti,Martin Experience,Nancy,DF,84
Group C,Haiti,Duckens Nazon,Esteghlal,FW,102
Group C,Haiti,Jean-Ricner Bellegarde,Wolverhampton Wanderers,MF,120
Group C,Haiti,Louicius Deedson,FC Dallas,FW,96
Group C,Haiti,Alexandre Pierre,Sochaux,GK,84
Group C,Haiti,Duke Lacroix,Colorado Springs Switchbacks FC,DF,82
Group C,Haiti,Garven Metusala,Colorado Springs Switchbacks FC,DF,83
Group C,Haiti,Ruben Providence,Almere City,FW,96
Group C,Haiti,Lenny Joseph,Ferencvaros,FW,99
Group C,Haiti,Danley Jean Jacques,Philadelphia Union,MF,100
Group C,Haiti,Wilson Isidor,Sunderland,FW,119
Group C,Haiti,Yassin Fortune,Vizela,FW,85
Group C,Haiti,Frantzdy Pierrot,Caykur Rizespor,FW,100
Group C,Haiti,Josue Casimir,Auxerre,FW,118
Group C,Haiti,Jean-Kevin Duverne,Gent,DF,109
Group C,Haiti,Josue Duverger,Cosmos Koblenz,GK,52
Group C,Haiti,Wilguens Paugain,Zulte Waregem,DF,84
Group C,Haiti,Dominique Simon,Tatran Presov,MF,85
Group C,Haiti,Woodensky Pierre,Violette,MF,57
Group C,Morocco,Yassine Bounou,Al-Hilal,GK,163
Group C,Morocco,Achraf Hakimi,Paris Saint-Germain,DF,181
Group C,Morocco,Noussair Mazraoui,Manchester United,DF,145
Group C,Morocco,Sofyan Amrabat,Real Betis,MF,132
Group C,Morocco,Marwane Saadane,Al-Fateh,DF,88
Group C,Morocco,Ayyoub Bouaddi,Lille,MF,138
Group C,Morocco,Chemsdine Talbi,Sunderland,MF,120
Group C,Morocco,Azzedine Ounahi,Girona,MF,121
Group C,Morocco,Soufiane Rahimi,Al Ain,FW,101
Group C,Morocco,Brahim Diaz,Real Madrid,FW,166
Group C,Morocco,Ismael Saibari,PSV Eindhoven,MF,148
Group C,Morocco,Munir Mohamedi,RS Berkane,GK,100
Group C,Morocco,Zakaria El Ouahdi,Genk,DF,112
Group C,Morocco,Issa Diop,Fulham,DF,122
Group C,Morocco,Samir El Mourabet,Strasbourg,MF,122
Group C,Morocco,Gessime Yassine,Strasbourg,MF,119
Group C,Morocco,Amine Sbai,Angers,FW,119
Group C,Morocco,Chadi Riad,Crystal Palace,DF,123
Group C,Morocco,Youssef Belammari,Al Ahly,DF,104
Group C,Morocco,Ayoub El Kaabi,Olympiacos,FW,118
Group C,Morocco,Ayoube Amaimouni,Eintracht Frankfurt,FW,125
Group C,Morocco,Ahmed Reda Tagnaouti,AS FAR,GK,86
Group C,Morocco,Bilal El Khannouss,VfB Stuttgart,MF,124
Group C,Morocco,Neil El Aynaoui,Roma,MF,133
Group C,Morocco,Redouane Halhal,Mechelen,DF,96
Group C,Morocco,Anass Salah-Eddine,PSV Eindhoven,DF,128
Group C,Scotland,Angus Gunn,Nottingham Forest,GK,122
Group C,Scotland,Aaron Hickey,Brentford,DF,123
Group C,Scotland,Andy Robertson,Liverpool,DF,163
Group C,Scotland,Scott McTominay,Napoli,MF,150
Group C,Scotland,Grant Hanley,Hibernian,DF,118
Group C,Scotland,Kieran Tierney,Celtic,DF,116
Group C,Scotland,John McGinn,Aston Villa,MF,134
Group C,Scotland,Tyler Fletcher,Manchester United,MF,94
Group C,Scotland,Lyndon Dykes,Charlton Athletic,FW,108
Group C,Scotland,Che Adams,Torino,FW,119
Group C,Scotland,Ryan Christie,Bournemouth,MF,121
Group C,Scotland,Liam Kelly,Rangers,GK,114
Group C,Scotland,Jack Hendry,Al-Ettifaq,DF,102
Group C,Scotland,Ross Stewart,Southampton,FW,111
Group C,Scotland,John Souttar,Rangers,DF,114
Group C,Scotland,Dominic Hyam,Wrexham,DF,108
Group C,Scotland,Ben Gannon-Doak,Bournemouth,FW,123
Group C,Scotland,George Hirst,Ipswich Town,FW,108
Group C,Scotland,Lewis Ferguson,Bologna,MF,127
Group C,Scotland,Lawrence Shankland,Heart of Midlothian,FW,117
Group C,Scotland,Craig Gordon,Heart of Midlothian,GK,97
Group C,Scotland,Nathan Patterson,Everton,DF,124
Group C,Scotland,Kenny McLean,Norwich City,MF,109
Group C,Scotland,Anthony Ralston,Celtic,DF,116
Group C,Scotland,Findlay Curtis,Kilmarnock,FW,98
Group C,Scotland,Scott McKenna,Dinamo Zagreb,DF,115
Group D,Australia,Mathew Ryan,Levante,GK,118
Group D,Australia,Milos Degenek,APOEL,DF,98
Group D,Australia,Alessandro Circati,Parma,DF,119
Group D,Australia,Jacob Italiano,Grazer AK,DF,82
Group D,Australia,Jordan Bos,Feyenoord,DF,125
Group D,Australia,Jason Geria,Albirex Niigata,DF,98
Group D,Australia,Mathew Leckie,Melbourne City,FW,101
Group D,Australia,Connor Metcalfe,FC St. Pauli,MF,121
Group D,Australia,Mohamed Toure,Norwich City,FW,108
Group D,Australia,Ajdin Hrustic,Heracles Almelo,FW,98
Group D,Australia,Awer Mabil,Castellon,FW,82
Group D,Australia,Paul Izzo,Randers,GK,98
Group D,Australia,Aiden O'Neill,New York City FC,MF,102
Group D,Australia,Cammy Devlin,Heart of Midlothian,MF,97
Group D,Australia,Kai Trewin,New York City FC,DF,100
Group D,Australia,Aziz Behich,Melbourne City,DF,101
Group D,Australia,Nestory Irankunda,Watford,FW,109
Group D,Australia,Patrick Beach,Melbourne City,GK,98
Group D,Australia,Harry Souttar,Leicester City,DF,113
Group D,Australia,Cristian Volpato,Sassuolo,FW,118
Group D,Australia,Cameron Burgess,Swansea City,DF,108
Group D,Australia,Jackson Irvine,FC St. Pauli,MF,120
Group D,Australia,Nishan Velupillay,Melbourne Victory,FW,99
Group D,Australia,Paul Okon-Engstler,Sydney FC,MF,100
Group D,Australia,Lucas Herrington,Colorado Rapids,DF,98
Group D,Australia,Tete Yengi,Machida Zelvia,FW,98
Group D,Paraguay,Gatito Fernandez,Cerro Porteno,GK,98
Group D,Paraguay,Gustavo Velazquez,Cerro Porteno,DF,100
Group D,Paraguay,Omar Alderete,Sunderland,DF,119
Group D,Paraguay,Juan Jose Caceres,Dynamo Moscow,DF,100
Group D,Paraguay,Fabian Balbuena,Gremio,DF,114
Group D,Paraguay,Junior Alonso,Atletico Mineiro,DF,115
Group D,Paraguay,Ramon Sosa,Palmeiras,MF,116
Group D,Paraguay,Diego Gomez,Brighton & Hove Albion,MF,125
Group D,Paraguay,Antonio Sanabria,Cremonese,FW,118
Group D,Paraguay,Miguel Almiron,Atlanta United FC,MF,126
Group D,Paraguay,Mauricio,Palmeiras,MF,116
Group D,Paraguay,Orlando Gill,San Lorenzo,GK,99
Group D,Paraguay,Jose Canale,Lanus,DF,85
Group D,Paraguay,Andres Cubas,Vancouver Whitecaps FC,MF,101
Group D,Paraguay,Gustavo Gomez,Palmeiras,DF,115
Group D,Paraguay,Damian Bobadilla,Sao Paulo,MF,114
Group D,Paraguay,Kaku,Al Ain,FW,99
Group D,Paraguay,Alex Arce,Independiente Rivadavia,FW,84
Group D,Paraguay,Julio Enciso,Strasbourg,FW,119
Group D,Paraguay,Braian Ojeda,Orlando City SC,MF,98
Group D,Paraguay,Gabriel Avalos,Independiente,FW,101
Group D,Paraguay,Gaston Olveira,Olimpia,GK,99
Group D,Paraguay,Matias Galarza,Atlanta United FC,MF,98
Group D,Paraguay,Gustavo Caballero,Portsmouth,MF,108
Group D,Paraguay,Isidro Pitta,Red Bull Bragantino,FW,110
Group D,Paraguay,Alexandro Maidana,Talleres,DF,102
Group D,Turkey,Mert Gunok,Fenerbahce,GK,116
Group D,Turkey,Zeki Celik,Roma,DF,134
Group D,Turkey,Merih Demiral,Al-Ahli,DF,118
Group D,Turkey,Caglar Soyuncu,Fenerbahce,DF,118
Group D,Turkey,Salih Ozcan,Borussia Dortmund,MF,145
Group D,Turkey,Orkun Kokcu,Besiktas,MF,112
Group D,Turkey,Kerem Akturkoglu,Fenerbahce,FW,116
Group D,Turkey,Arda Guler,Real Madrid,FW,172
Group D,Turkey,Deniz Gul,Porto,FW,132
Group D,Turkey,Hakan Calhanoglu,Inter Milan,MF,160
Group D,Turkey,Kenan Yildiz,Juventus,FW,151
Group D,Turkey,Altay Bayindir,Manchester United,GK,116
Group D,Turkey,Eren Elmali,Galatasaray,DF,116
Group D,Turkey,Abdulkerim Bardakci,Galatasaray,DF,117
Group D,Turkey,Ozan Kabak,TSG Hoffenheim,DF,122
Group D,Turkey,Ismail Yuksek,Fenerbahce,MF,116
Group D,Turkey,Irfan Can Kahveci,Kasimpasa,FW,99
Group D,Turkey,Mert Muldur,Fenerbahce,DF,116
Group D,Turkey,Yunus Akgun,Galatasaray,FW,116
Group D,Turkey,Ferdi Kadioglu,Brighton & Hove Albion,DF,125
Group D,Turkey,Baris Alper Yilmaz,Galatasaray,FW,118
Group D,Turkey,Kaan Ayhan,Galatasaray,MF,116
Group D,Turkey,Ugurcan Cakir,Galatasaray,GK,117
Group D,Turkey,Oguz Aydin,Fenerbahce,FW,115
Group D,Turkey,Samet Akaydin,Caykur Rizespor,DF,98
Group D,Turkey,Can Uzun,Eintracht Frankfurt,FW,126
Group D,United States,Matt Turner,New England Revolution,GK,97
Group D,United States,Sergino Dest,PSV Eindhoven,DF,128
Group D,United States,Chris Richards,Crystal Palace,DF,124
Group D,United States,Tyler Adams,Bournemouth,MF,124
Group D,United States,Antonee Robinson,Fulham,DF,120
Group D,United States,Auston Trusty,Celtic,DF,116
Group D,United States,Giovanni Reyna,Borussia Monchengladbach,MF,123
Group D,United States,Weston McKennie,Juventus,MF,146
Group D,United States,Ricardo Pepi,PSV Eindhoven,FW,127
Group D,United States,Christian Pulisic,Milan,FW,143
Group D,United States,Brenden Aaronson,Leeds United,FW,122
Group D,United States,Miles Robinson,FC Cincinnati,DF,102
Group D,United States,Tim Ream,Charlotte FC,DF,97
Group D,United States,Sebastian Berhalter,Vancouver Whitecaps FC,MF,100
Group D,United States,Cristian Roldan,Seattle Sounders FC,MF,100
Group D,United States,Alex Freeman,Villarreal,DF,130
Group D,United States,Malik Tillman,Bayer Leverkusen,MF,137
Group D,United States,Max Arfsten,Columbus Crew,DF,102
Group D,United States,Haji Wright,Coventry City,FW,108
Group D,United States,Folarin Balogun,Monaco,FW,130
Group D,United States,Timothy Weah,Marseille,FW,128
Group D,United States,Mark McKenzie,Toulouse,DF,119
Group D,United States,Joe Scally,Borussia Monchengladbach,DF,120
Group D,United States,Matt Freese,New York City FC,GK,100
Group D,United States,Chris Brady,Chicago Fire FC,GK,96
Group D,United States,Alejandro Zendejas,America,FW,114
Group E,Curacao,Eloy Room,Miami FC,GK,94
Group E,Curacao,Shurandy Sambo,Sparta Rotterdam,DF,88
Group E,Curacao,Jurien Gaari,Abha,DF,84
Group E,Curacao,Roshon van Eijma,RKC Waalwijk,DF,96
Group E,Curacao,Sherel Floranus,PEC Zwolle,DF,98
Group E,Curacao,Godfried Roemeratoe,RKC Waalwijk,MF,97
Group E,Curacao,Juninho Bacuna,Volendam,MF,97
Group E,Curacao,Livano Comenencia,Zurich,MF,101
Group E,Curacao,Jurgen Locadia,Miami FC,FW,94
Group E,Curacao,Leandro Bacuna,Igdir,MF,95
Group E,Curacao,Jeremy Antonisse,Kifisia,FW,82
Group E,Curacao,Sontje Hansen,Middlesbrough,FW,100
Group E,Curacao,Tyrese Noslin,Telstar,FW,92
Group E,Curacao,Kenji Gorre,Maccabi Haifa,FW,99
Group E,Curacao,Ar'jany Martha,Rotherham United,MF,98
Group E,Curacao,Jearl Margaritha,Beveren,FW,82
Group E,Curacao,Brandley Kuwas,Volendam,FW,96
Group E,Curacao,Armando Obispo,PSV Eindhoven,DF,98
Group E,Curacao,Gervane Kastaneer,Terengganu,FW,99
Group E,Curacao,Joshua Brenet,Kayserispor,DF,99
Group E,Curacao,Tahith Chong,Sheffield United,MF,110
Group E,Curacao,Kevin Felida,Den Bosch,MF,83
Group E,Curacao,Riechedly Bazoer,Konyaspor,DF,89
Group E,Curacao,Deveron Fonville,NEC,DF,88
Group E,Curacao,Tyrick Bodak,Telstar,GK,81
Group E,Curacao,Trevor Doornbusch,VVV-Venlo,GK,77
Group E,Ecuador,Hernan Galindez,Huracan,GK,98
Group E,Ecuador,Felix Torres,Internacional,DF,114
Group E,Ecuador,Piero Hincapie,Arsenal,DF,156
Group E,Ecuador,Joel Ordonez,Club Brugge,DF,116
Group E,Ecuador,Jordy Alcivar,Independiente del Valle,MF,99
Group E,Ecuador,Willian Pacho,Paris Saint-Germain,DF,173
Group E,Ecuador,Pervis Estupinan,Milan,DF,139
Group E,Ecuador,Anthony Valencia,Antwerp,MF,110
Group E,Ecuador,John Yeboah,Venezia,FW,84
Group E,Ecuador,Kendry Paez,River Plate,MF,117
Group E,Ecuador,Kevin Rodriguez,Union Saint-Gilloise,FW,113
Group E,Ecuador,Moises Ramirez,Kifisia,GK,82
Group E,Ecuador,Enner Valencia,Pachuca,FW,108
Group E,Ecuador,Alan Minda,Atletico Mineiro,MF,114
Group E,Ecuador,Pedro Vite,Pumas UNAM,MF,108
Group E,Ecuador,Jordy Caicedo,Huracan,FW,101
Group E,Ecuador,Angelo Preciado,Atletico Mineiro,DF,112
Group E,Ecuador,Denil Castillo,Midtjylland,MF,112
Group E,Ecuador,Gonzalo Plata,Flamengo,FW,117
Group E,Ecuador,Nilson Angulo,Sunderland,FW,119
Group E,Ecuador,Alan Franco,Atletico Mineiro,MF,114
Group E,Ecuador,Gonzalo Valle,LDU Quito,GK,101
Group E,Ecuador,Moises Caicedo,Chelsea,MF,177
Group E,Ecuador,Jeremy Arevalo,VfB Stuttgart,FW,123
Group E,Ecuador,Jackson Porozo,Tijuana,DF,107
Group E,Ecuador,Yaimar Medina,Genk,DF,113
Group E,Germany,Manuel Neuer,Bayern Munich,GK,167
Group E,Germany,Antonio Rudiger,Real Madrid,DF,160
Group E,Germany,Waldemar Anton,Borussia Dortmund,DF,147
Group E,Germany,Jonathan Tah,Bayern Munich,DF,164
Group E,Germany,Aleksandar Pavlovic,Bayern Munich,MF,158
Group E,Germany,Joshua Kimmich,Bayern Munich,DF,172
Group E,Germany,Kai Havertz,Arsenal,FW,162
Group E,Germany,Leon Goretzka,Bayern Munich,MF,162
Group E,Germany,Jamie Leweling,VfB Stuttgart,MF,133
Group E,Germany,Jamal Musiala,Bayern Munich,MF,175
Group E,Germany,Nick Woltemade,Newcastle United,FW,140
Group E,Germany,Oliver Baumann,TSG Hoffenheim,GK,141
Group E,Germany,Pascal Gross,Brighton & Hove Albion,MF,146
Group E,Germany,Maximilian Beier,Borussia Dortmund,FW,147
Group E,Germany,Nico Schlotterbeck,Borussia Dortmund,DF,156
Group E,Germany,Angelo Stiller,VfB Stuttgart,MF,146
Group E,Germany,Florian Wirtz,Liverpool,MF,162
Group E,Germany,Nathaniel Brown,Eintracht Frankfurt,DF,153
Group E,Germany,Leroy Sane,Galatasaray,MF,148
Group E,Germany,Nadiem Amiri,Mainz 05,MF,120
Group E,Germany,Alexander Nubel,VfB Stuttgart,GK,125
Group E,Germany,David Raum,RB Leipzig,DF,135
Group E,Germany,Felix Nmecha,Borussia Dortmund,MF,146
Group E,Germany,Malick Thiaw,Newcastle United,DF,136
Group E,Germany,Assan Ouedraogo,RB Leipzig,MF,131
Group E,Germany,Deniz Undav,VfB Stuttgart,FW,126
Group E,Ivory Coast,Yahia Fofana,Caykur Rizespor,GK,100
Group E,Ivory Coast,Ousmane Diomande,Sporting CP,DF,134
Group E,Ivory Coast,Ghislain Konan,Gil Vicente,DF,82
Group E,Ivory Coast,Jean Michael Seri,Maribor,MF,82
Group E,Ivory Coast,Wilfried Singo,Galatasaray,DF,117
Group E,Ivory Coast,Seko Fofana,Porto,MF,133
Group E,Ivory Coast,Odilon Kossounou,Atalanta,DF,132
Group E,Ivory Coast,Franck Kessie,Al-Ahli,MF,118
Group E,Ivory Coast,Ange-Yoan Bonny,Inter Milan,FW,158
Group E,Ivory Coast,Simon Adingra,Monaco,FW,130
Group E,Ivory Coast,Yan Diomande,RB Leipzig,FW,132
Group E,Ivory Coast,Elye Wahi,Nice,FW,123
Group E,Ivory Coast,Christopher Operi,Istanbul Basaksehir,DF,100
Group E,Ivory Coast,Oumar Diakite,Cercle Brugge,FW,97
Group E,Ivory Coast,Amad Diallo,Manchester United,FW,146
Group E,Ivory Coast,Mohamed Kone,Charleroi,GK,101
Group E,Ivory Coast,Guela Doue,Strasbourg,DF,120
Group E,Ivory Coast,Ibrahim Sangare,Nottingham Forest,MF,124
Group E,Ivory Coast,Nicolas Pepe,Villarreal,FW,132
Group E,Ivory Coast,Emmanuel Agbadou,Besiktas,DF,112
Group E,Ivory Coast,Evan Ndicka,Roma,DF,134
Group E,Ivory Coast,Evann Guessand,Crystal Palace,FW,124
Group E,Ivory Coast,Alban Lafont,Panathinaikos,GK,112
Group E,Ivory Coast,Bazoumana Toure,TSG Hoffenheim,FW,122
Group E,Ivory Coast,Parfait Guiagon,Charleroi,MF,99
Group E,Ivory Coast,Christ Inao Oulai,Trabzonspor,MF,114
Group F,Japan,Zion Suzuki,Parma,GK,118
Group F,Japan,Yukinari Sugawara,Werder Bremen,DF,121
Group F,Japan,Shogo Taniguchi,Sint-Truiden,DF,83
Group F,Japan,Ko Itakura,Ajax,DF,130
Group F,Japan,Yuto Nagatomo,FC Tokyo,DF,100
Group F,Japan,Shuto Machino,Borussia Monchengladbach,FW,122
Group F,Japan,Ao Tanaka,Leeds United,MF,121
Group F,Japan,Takefusa Kubo,Real Sociedad,MF,138
Group F,Japan,Keisuke Goto,Sint-Truiden,FW,84
Group F,Japan,Ritsu Doan,Eintracht Frankfurt,MF,127
Group F,Japan,Daizen Maeda,Celtic,MF,117
Group F,Japan,Keisuke Osako,Sanfrecce Hiroshima,GK,99
Group F,Japan,Keito Nakamura,Reims,MF,120
Group F,Japan,Junya Ito,Genk,MF,118
Group F,Japan,Daichi Kamada,Crystal Palace,MF,123
Group F,Japan,Tsuyoshi Watanabe,Feyenoord,DF,124
Group F,Japan,Yuito Suzuki,SC Freiburg,MF,122
Group F,Japan,Ayase Ueda,Feyenoord,FW,125
Group F,Japan,Koki Ogawa,NEC,FW,97
Group F,Japan,Ayumu Seko,Le Havre,DF,118
Group F,Japan,Hiroki Ito,Bayern Munich,DF,150
Group F,Japan,Takehiro Tomiyasu,Ajax,DF,130
Group F,Japan,Tomoki Hayakawa,Kashima Antlers,GK,100
Group F,Japan,Kaishu Sano,Mainz 05,MF,122
Group F,Japan,Junnosuke Suzuki,Copenhagen,DF,112
Group F,Japan,Kento Shiogai,VfL Wolfsburg,FW,123
Group F,Netherlands,Bart Verbruggen,Brighton & Hove Albion,GK,135
Group F,Netherlands,Lutsharel Geertruida,Sunderland,DF,128
Group F,Netherlands,Marten de Roon,Atalanta,MF,134
Group F,Netherlands,Virgil van Dijk,Liverpool,DF,170
Group F,Netherlands,Nathan Ake,Manchester City,DF,153
Group F,Netherlands,Jan Paul van Hecke,Brighton & Hove Albion,DF,156
Group F,Netherlands,Justin Kluivert,Bournemouth,MF,124
Group F,Netherlands,Ryan Gravenberch,Liverpool,MF,165
Group F,Netherlands,Wout Weghorst,Ajax,FW,131
Group F,Netherlands,Memphis Depay,Corinthians,FW,123
Group F,Netherlands,Cody Gakpo,Liverpool,FW,164
Group F,Netherlands,Mats Wieffer,Brighton & Hove Albion,DF,126
Group F,Netherlands,Robin Roefs,Sunderland,GK,120
Group F,Netherlands,Tijjani Reijnders,Manchester City,MF,145
Group F,Netherlands,Micky van de Ven,Tottenham Hotspur,DF,160
Group F,Netherlands,Guus Til,PSV Eindhoven,MF,129
Group F,Netherlands,Noa Lang,Galatasaray,FW,117
Group F,Netherlands,Donyell Malen,Roma,FW,134
Group F,Netherlands,Brian Brobbey,Sunderland,FW,141
Group F,Netherlands,Teun Koopmeiners,Juventus,MF,149
Group F,Netherlands,Frenkie de Jong,Barcelona,MF,170
Group F,Netherlands,Denzel Dumfries,Inter Milan,DF,157
Group F,Netherlands,Mark Flekken,Bayer Leverkusen,GK,139
Group F,Netherlands,Crysencio Summerville,West Ham United,FW,134
Group F,Netherlands,Jorrel Hato,Chelsea,DF,151
Group F,Netherlands,Quinten Timber,Marseille,MF,131
Group F,Sweden,Jacob Widell Zetterstrom,Derby County,GK,108
Group F,Sweden,Gustaf Lagerbielke,Braga,DF,108
Group F,Sweden,Victor Lindelof,Aston Villa,DF,134
Group F,Sweden,Isak Hien,Atalanta,DF,134
Group F,Sweden,Gabriel Gudmundsson,Leeds United,DF,119
Group F,Sweden,Herman Johansson,FC Dallas,DF,96
Group F,Sweden,Lucas Bergvall,Tottenham Hotspur,MF,143
Group F,Sweden,Daniel Svensson,Borussia Dortmund,DF,146
Group F,Sweden,Alexander Isak,Liverpool,FW,169
Group F,Sweden,Benjamin Nygren,Celtic,MF,115
Group F,Sweden,Anthony Elanga,Newcastle United,FW,136
Group F,Sweden,Viktor Johansson,Stoke City,GK,108
Group F,Sweden,Ken Sema,Pafos,MF,96
Group F,Sweden,Hjalmar Ekdal,Burnley,DF,118
Group F,Sweden,Carl Starfelt,Celta Vigo,DF,120
Group F,Sweden,Jesper Karlstrom,Udinese,MF,118
Group F,Sweden,Viktor Gyokeres,Arsenal,FW,166
Group F,Sweden,Yasin Ayari,Brighton & Hove Albion,MF,124
Group F,Sweden,Mattias Svanberg,VfL Wolfsburg,MF,120
Group F,Sweden,Eric Smith,FC St. Pauli,DF,120
Group F,Sweden,Alexander Bernhardsson,Holstein Kiel,DF,118
Group F,Sweden,Besfort Zeneli,Union Saint-Gilloise,MF,115
Group F,Sweden,Kristoffer Nordfeldt,AIK,GK,99
Group F,Sweden,Elliot Stroud,Mjallby AIF,DF,81
Group F,Sweden,Gustaf Nilsson,Club Brugge,FW,114
Group F,Sweden,Taha Ali,Malmo FF,FW,100
Group F,Tunisia,Mouhib Chamakh,Club Africain,GK,84
Group F,Tunisia,Ali Abdi,Nice,DF,122
Group F,Tunisia,Montassar Talbi,Lorient,DF,118
Group F,Tunisia,Omar Rekik,Maribor,DF,85
Group F,Tunisia,Adem Arous,Kasimpasa,DF,102
Group F,Tunisia,Dylan Bronn,Servette,DF,100
Group F,Tunisia,Elias Achouri,Copenhagen,FW,114
Group F,Tunisia,Elias Saad,Hannover 96,FW,86
Group F,Tunisia,Hazem Mastouri,Dynamo Makhachkala,FW,84
Group F,Tunisia,Hannibal Mejbri,Burnley,MF,122
Group F,Tunisia,Ismael Gharbi,FC Augsburg,MF,120
Group F,Tunisia,Mortadha Ben Ouanes,Kasimpasa,DF,100
Group F,Tunisia,Rani Khedira,Union Berlin,MF,120
Group F,Tunisia,Khalil Ayari,Paris Saint-Germain,MF,100
Group F,Tunisia,Hadj Mahmoud,Lugano,MF,99
Group F,Tunisia,Aymen Dahmen,CS Sfaxien,GK,84
Group F,Tunisia,Ellyes Skhiri,Eintracht Frankfurt,MF,124
Group F,Tunisia,Rayan Elloumi,Vancouver Whitecaps FC,FW,100
Group F,Tunisia,Firas Chaouat,Club Africain,FW,85
Group F,Tunisia,Yan Valery,Young Boys,DF,112
Group F,Tunisia,Mohamed Amine Ben Hamida,Esperance de Tunis,DF,99
Group F,Tunisia,Sabri Ben Hessen,Etoile du Sahel,GK,84
Group F,Tunisia,Moutaz Neffati,IFK Norrkoping,DF,82
Group F,Tunisia,Raed Chikhaoui,US Monastir,DF,82
Group F,Tunisia,Anis Ben Slimane,Norwich City,MF,108
Group F,Tunisia,Sebastian Tounekti,Celtic,MF,116
Group G,Belgium,Thibaut Courtois,Real Madrid,GK,174
Group G,Belgium,Zeno Debast,Sporting CP,DF,133
Group G,Belgium,Arthur Theate,Eintracht Frankfurt,DF,124
Group G,Belgium,Brandon Mechele,Club Brugge,DF,116
Group G,Belgium,Maxim De Cuyper,Brighton & Hove Albion,DF,126
Group G,Belgium,Axel Witsel,Girona,MF,124
Group G,Belgium,Kevin De Bruyne,Napoli,MF,154
Group G,Belgium,Youri Tielemans,Aston Villa,MF,137
Group G,Belgium,Romelu Lukaku,Napoli,FW,150
Group G,Belgium,Leandro Trossard,Arsenal,FW,158
Group G,Belgium,Jeremy Doku,Manchester City,FW,167
Group G,Belgium,Senne Lammens,Manchester United,GK,146
Group G,Belgium,Mike Penders,Strasbourg,GK,120
Group G,Belgium,Dodi Lukebakio,Benfica,FW,133
Group G,Belgium,Thomas Meunier,Lille,DF,128
Group G,Belgium,Koni De Winter,Milan,DF,138
Group G,Belgium,Charles De Ketelaere,Atalanta,FW,133
Group G,Belgium,Joaquin Seys,Club Brugge,DF,114
Group G,Belgium,Diego Moreira,Strasbourg,MF,122
Group G,Belgium,Hans Vanaken,Club Brugge,MF,114
Group G,Belgium,Timothy Castagne,Fulham,DF,122
Group G,Belgium,Alexis Saelemaekers,Milan,MF,138
Group G,Belgium,Nicolas Raskin,Rangers,MF,114
Group G,Belgium,Amadou Onana,Aston Villa,MF,138
Group G,Belgium,Nathan Ngoy,Lille,DF,128
Group G,Belgium,Matias Fernandez-Pardo,Lille,FW,127
Group G,Egypt,Mohamed El Shenawy,Al Ahly,GK,103
Group G,Egypt,Yasser Ibrahim,Al Ahly,DF,104
Group G,Egypt,Mohamed Hany,Al Ahly,DF,102
Group G,Egypt,Hossam Abdelmaguid,Zamalek,DF,102
Group G,Egypt,Ramy Rabia,Al Ain,DF,99
Group G,Egypt,Mohamed Abdelmonem,Nice,DF,122
Group G,Egypt,Trezeguet,Al Ahly,FW,106
Group G,Egypt,Emam Ashour,Al Ahly,MF,104
Group G,Egypt,Hamza Abdelkarim,Barcelona B,FW,84
Group G,Egypt,Mohamed Salah,Liverpool,FW,167
Group G,Egypt,Mostafa Ziko,Pyramids,MF,121
Group G,Egypt,Haissem Hassan,Oviedo,FW,118
Group G,Egypt,Ahmed Fatouh,Zamalek,DF,102
Group G,Egypt,Hamdy Fathy,Al-Wakrah,MF,114
Group G,Egypt,Karim Hafez,Pyramids,DF,100
Group G,Egypt,El Mahdy Soliman,Zamalek,GK,101
Group G,Egypt,Mohanad Lasheen,Pyramids,MF,101
Group G,Egypt,Nabil Emad,Al-Najma,MF,85
Group G,Egypt,Marwan Attia,Al Ahly,MF,104
Group G,Egypt,Ibrahim Adel,Nordsjaelland,FW,100
Group G,Egypt,Mahmoud Saber,ZED,MF,82
Group G,Egypt,Omar Marmoush,Manchester City,FW,165
Group G,Egypt,Mostafa Shobeir,Al Ahly,GK,104
Group G,Egypt,Tarek Alaa,ZED,DF,82
Group G,Egypt,Zizo,Al Ahly,FW,104
Group G,Egypt,Mohamed Alaa,El Gouna,GK,83
Group G,Iran,Alireza Beiranvand,Tractor,GK,101
Group G,Iran,Saleh Hardani,Esteghlal,DF,101
Group G,Iran,Ehsan Hajsafi,Sepahan,DF,98
Group G,Iran,Shojae Khalilzadeh,Tractor,DF,102
Group G,Iran,Milad Mohammadi,Persepolis,DF,101
Group G,Iran,Saeid Ezatolahi,Shabab Al Ahli,MF,102
Group G,Iran,Alireza Jahanbakhsh,Dender EH,MF,91
Group G,Iran,Mohammad Mohebi,Rostov,MF,99
Group G,Iran,Mehdi Taremi,Olympiacos,FW,122
Group G,Iran,Mehdi Ghayedi,Al Nasr,FW,84
Group G,Iran,Ali Alipour,Persepolis,FW,102
Group G,Iran,Payam Niazmand,Persepolis,GK,102
Group G,Iran,Hossein Kanaanizadegan,Persepolis,DF,100
Group G,Iran,Saman Ghoddos,Kalba,MF,79
Group G,Iran,Rouzbeh Cheshmi,Esteghlal,MF,100
Group G,Iran,Mahdi Torabi,Tractor,MF,98
Group G,Iran,Arya Yousefi,Sepahan,DF,99
Group G,Iran,Amirhossein Hosseinzadeh,Tractor,FW,100
Group G,Iran,Ali Nemati,Foolad,DF,98
Group G,Iran,Shahriyar Moghanlou,Kalba,FW,82
Group G,Iran,Mohammad Ghorbani,Al Wahda,MF,86
Group G,Iran,Hossein Hosseini,Sepahan,GK,100
Group G,Iran,Ramin Rezaeian,Foolad,DF,98
Group G,Iran,Dennis Eckert,Standard Liege,FW,102
Group G,Iran,Danial Eiri,Malavan,DF,96
Group G,Iran,Amirmohammad Razzaghinia,Esteghlal,MF,100
Group G,New Zealand,Max Crocombe,Millwall,GK,108
Group G,New Zealand,Tim Payne,Wellington Phoenix,DF,98
Group G,New Zealand,Francis de Vries,Auckland FC,DF,100
Group G,New Zealand,Tyler Bindon,Sheffield United,DF,109
Group G,New Zealand,Michael Boxall,Minnesota United FC,DF,96
Group G,New Zealand,Joe Bell,Viking,MF,84
Group G,New Zealand,Logan Rogerson,Auckland FC,FW,97
Group G,New Zealand,Marko Stamenic,Swansea City,MF,110
Group G,New Zealand,Chris Wood,Nottingham Forest,FW,128
Group G,New Zealand,Sarpreet Singh,Wellington Phoenix,MF,96
Group G,New Zealand,Elijah Just,Motherwell,MF,97
Group G,New Zealand,Alex Paulsen,Lechia Gdansk,GK,96
Group G,New Zealand,Liberato Cacace,Wrexham,DF,108
Group G,New Zealand,Alex Rufer,Wellington Phoenix,MF,97
Group G,New Zealand,Nando Pijnaker,Auckland FC,DF,98
Group G,New Zealand,Finn Surman,Portland Timbers,DF,98
Group G,New Zealand,Kosta Barbarouses,Western Sydney Wanderers,FW,100
Group G,New Zealand,Ben Waine,Port Vale,FW,96
Group G,New Zealand,Ben Old,Saint-Etienne,MF,118
Group G,New Zealand,Callum McCowatt,Silkeborg,MF,83
Group G,New Zealand,Jesse Randall,Auckland FC,FW,99
Group G,New Zealand,Michael Woud,Auckland FC,GK,99
Group G,New Zealand,Ryan Thomas,PEC Zwolle,MF,96
Group G,New Zealand,Callan Elliot,Auckland FC,DF,99
Group G,New Zealand,Lachlan Bayliss,Newcastle Jets,MF,96
Group G,New Zealand,Tommy Smith,Braintree Town,DF,52
Group H,Cape Verde,Vozinha,Chaves,GK,133
Group H,Cape Verde,Stopira,Torreense,DF,84
Group H,Cape Verde,Diney,Al Bataeh,DF,85
Group H,Cape Verde,Pico,Shamrock Rovers,DF,85
Group H,Cape Verde,Logan Costa,Villarreal,DF,103
Group H,Cape Verde,Kevin Pina,Krasnodar,MF,101
Group H,Cape Verde,Jovane Cabral,Estrela Amadora,MF,85
Group H,Cape Verde,Joao Paulo,FCSB,MF,101
Group H,Cape Verde,Gilson Benchimol,Akron Tolyatti,FW,97
Group H,Cape Verde,Jamiro Monteiro,PEC Zwolle,MF,97
Group H,Cape Verde,Garry Rodrigues,Apollon Limassol,MF,97
Group H,Cape Verde,Marcio Rosa,Montana,GK,57
Group H,Cape Verde,Sidny Lopes Cabral,Benfica,DF,112
Group H,Cape Verde,Deroy Duarte,Ludogorets Razgrad,MF,100
Group H,Cape Verde,Laros Duarte,Puskas Akademia,MF,82
Group H,Cape Verde,Yannick Semedo,Farense,MF,84
Group H,Cape Verde,Willy Semedo,Omonia,MF,98
Group H,Cape Verde,Telmo Arcanjo,Vitoria de Guimaraes,MF,108
Group H,Cape Verde,Dailon Livramento,Casa Pia,FW,98
Group H,Cape Verde,Ryan Mendes,Igdir,FW,56
Group H,Cape Verde,Nuno da Costa,Istanbul Basaksehir,MF,103
Group H,Cape Verde,Steven Moreira,Columbus Crew,DF,102
Group H,Cape Verde,CJ dos Santos,San Diego FC,GK,98
Group H,Cape Verde,Wagner Pina,Trabzonspor,DF,113
Group H,Cape Verde,Kelvin Pires,SJK,DF,83
Group H,Cape Verde,Helio Varela,Maccabi Tel Aviv,MF,101
Group H,Saudi Arabia,Nawaf Al-Aqidi,Al-Nassr,GK,119
Group H,Saudi Arabia,Ali Majrashi,Al-Ahli,DF,117
Group H,Saudi Arabia,Ali Lajami,Al-Hilal,DF,118
Group H,Saudi Arabia,Abdulelah Al-Amri,Al-Nassr,DF,117
Group H,Saudi Arabia,Hassan Al-Tambakti,Al-Hilal,DF,119
Group H,Saudi Arabia,Nasser Al-Dawsari,Al-Hilal,MF,120
Group H,Saudi Arabia,Musab Al-Juwayr,Al-Qadsiah,MF,106
Group H,Saudi Arabia,Ayman Yahya,Al-Nassr,FW,118
Group H,Saudi Arabia,Firas Al-Buraikan,Al-Ahli,FW,114
Group H,Saudi Arabia,Salem Al-Dawsari,Al-Hilal,FW,118
Group H,Saudi Arabia,Saleh Al-Shehri,Al-Ittihad,FW,116
Group H,Saudi Arabia,Saud Abdulhamid,Lens,DF,121
Group H,Saudi Arabia,Nawaf Boushal,Al-Nassr,DF,118
Group H,Saudi Arabia,Hassan Kadesh,Al-Ittihad,DF,116
Group H,Saudi Arabia,Abdullah Al-Khaibari,Al-Nassr,MF,118
Group H,Saudi Arabia,Ziyad Al-Johani,Al-Ahli,MF,116
Group H,Saudi Arabia,Khalid Al-Ghannam,Al-Ettifaq,FW,103
Group H,Saudi Arabia,Alaa Al-Hejji,Neom,MF,58
Group H,Saudi Arabia,Abdullah Al-Hamdan,Al-Nassr,FW,119
Group H,Saudi Arabia,Sultan Mandash,Al-Hilal,FW,119
Group H,Saudi Arabia,Mohammed Al-Owais,Al-Ula,GK,55
Group H,Saudi Arabia,Ahmed Al-Kassar,Al-Qadsiah,GK,105
Group H,Saudi Arabia,Mohamed Kanno,Al-Hilal,MF,116
Group H,Saudi Arabia,Moteb Al-Harbi,Al-Hilal,DF,118
Group H,Saudi Arabia,Jehad Thakri,Al-Qadsiah,DF,104
Group H,Saudi Arabia,Mohammed Abu Al-Shamat,Al-Qadsiah,DF,106
Group H,Spain,David Raya,Arsenal,GK,162
Group H,Spain,Marc Pubill,Atletico Madrid,DF,150
Group H,Spain,Alex Grimaldo,Bayer Leverkusen,DF,138
Group H,Spain,Eric Garcia,Barcelona,DF,168
Group H,Spain,Marcos Llorente,Atletico Madrid,DF,149
Group H,Spain,Mikel Merino,Arsenal,MF,161
Group H,Spain,Ferran Torres,Barcelona,FW,166
Group H,Spain,Fabian Ruiz,Paris Saint-Germain,MF,168
Group H,Spain,Gavi,Barcelona,MF,170
Group H,Spain,Dani Olmo,Barcelona,FW,169
Group H,Spain,Yeremy Pino,Crystal Palace,FW,124
Group H,Spain,Pedro Porro,Tottenham Hotspur,DF,144
Group H,Spain,Joan Garcia,Barcelona,GK,168
Group H,Spain,Aymeric Laporte,Athletic Bilbao,DF,136
Group H,Spain,Alex Baena,Atletico Madrid,MF,148
Group H,Spain,Rodri,Manchester City,MF,174
Group H,Spain,Nico Williams,Athletic Bilbao,FW,145
Group H,Spain,Martin Zubimendi,Arsenal,MF,161
Group H,Spain,Lamine Yamal,Barcelona,FW,190
Group H,Spain,Pedri,Barcelona,MF,175
Group H,Spain,Mikel Oyarzabal,Real Sociedad,FW,129
Group H,Spain,Pau Cubarsi,Barcelona,DF,171
Group H,Spain,Unai Simon,Athletic Bilbao,GK,166
Group H,Spain,Marc Cucurella,Chelsea,DF,165
Group H,Spain,Victor Munoz,Osasuna,FW,119
Group H,Spain,Borja Iglesias,Celta Vigo,FW,121
Group H,Uruguay,Sergio Rochet,Internacional,GK,112
Group H,Uruguay,Jose Maria Gimenez,Atletico Madrid,DF,150
Group H,Uruguay,Sebastian Caceres,America,DF,113
Group H,Uruguay,Ronald Araujo,Barcelona,DF,168
Group H,Uruguay,Manuel Ugarte,Manchester United,MF,135
Group H,Uruguay,Rodrigo Bentancur,Tottenham Hotspur,MF,144
Group H,Uruguay,Nicolas de la Cruz,Flamengo,MF,116
Group H,Uruguay,Federico Valverde,Real Madrid,MF,175
Group H,Uruguay,Darwin Nunez,Al-Hilal,FW,128
Group H,Uruguay,Giorgian de Arrascaeta,Flamengo,MF,120
Group H,Uruguay,Facundo Pellistri,Panathinaikos,FW,112
Group H,Uruguay,Santiago Mele,Monterrey,GK,112
Group H,Uruguay,Guillermo Varela,Flamengo,DF,116
Group H,Uruguay,Agustin Canobbio,Fluminense,MF,114
Group H,Uruguay,Emiliano Martinez,Palmeiras,MF,128
Group H,Uruguay,Mathias Olivera,Napoli,DF,145
Group H,Uruguay,Matias Vina,River Plate,DF,116
Group H,Uruguay,Brian Rodriguez,America,FW,112
Group H,Uruguay,Rodrigo Aguirre,Tigres UANL,FW,114
Group H,Uruguay,Maximiliano Araujo,Sporting CP,MF,134
Group H,Uruguay,Federico Vinas,Oviedo,FW,118
Group H,Uruguay,Joaquin Piquerez,Palmeiras,MF,117
Group H,Uruguay,Fernando Muslera,Estudiantes,GK,100
Group H,Uruguay,Santiago Bueno,Wolverhampton Wanderers,DF,123
Group H,Uruguay,Juan Manuel Sanabria,Real Salt Lake,MF,100
Group H,Uruguay,Rodrigo Zalazar,Braga,MF,108
Group I,France,Brice Samba,Rennes,GK,120
Group I,France,Malo Gusto,Chelsea,DF,149
Group I,France,Lucas Digne,Aston Villa,DF,136
Group I,France,Dayot Upamecano,Bayern Munich,DF,168
Group I,France,Jules Kounde,Barcelona,DF,168
Group I,France,Manu Kone,Roma,MF,133
Group I,France,Ousmane Dembele,Paris Saint-Germain,FW,175
Group I,France,Aurelien Tchouameni,Real Madrid,MF,173
Group I,France,Marcus Thuram,Inter Milan,FW,161
Group I,France,Kylian Mbappe,Real Madrid,FW,196
Group I,France,Michael Olise,Bayern Munich,FW,170
Group I,France,Bradley Barcola,Paris Saint-Germain,FW,166
Group I,France,N'Golo Kante,Fenerbahce,MF,137
Group I,France,Adrien Rabiot,Milan,MF,149
Group I,France,Ibrahima Konate,Liverpool,DF,163
Group I,France,Mike Maignan,Milan,GK,145
Group I,France,William Saliba,Arsenal,DF,166
Group I,France,Warren Zaire-Emery,Paris Saint-Germain,MF,167
Group I,France,Theo Hernandez,Al-Hilal,DF,150
Group I,France,Desire Doue,Paris Saint-Germain,FW,168
Group I,France,Lucas Hernandez,Paris Saint-Germain,DF,168
Group I,France,Jean-Philippe Mateta,Crystal Palace,FW,123
Group I,France,Robin Risser,Lens,GK,121
Group I,France,Rayan Cherki,Manchester City,MF,167
Group I,France,Maghnes Akliouche,Monaco,MF,131
Group I,France,Maxence Lacroix,Crystal Palace,DF,125
Group I,Iraq,Fahad Talib,Al-Talaba,GK,83
Group I,Iraq,Rebin Sulaka,Port,DF,84
Group I,Iraq,Hussein Ali,Pogon Szczecin,DF,96
Group I,Iraq,Zaid Tahseen,Pakhtakor,DF,100
Group I,Iraq,Akam Hashim,Al-Zawraa,DF,83
Group I,Iraq,Manaf Younis,Al-Shorta,DF,82
Group I,Iraq,Youssef Amyn,AEK Larnaca,MF,96
Group I,Iraq,Ibrahim Bayesh,Al Dhafra,MF,83
Group I,Iraq,Ali Al-Hamadi,Luton Town,FW,99
Group I,Iraq,Mohanad Ali,Dibba,FW,81
Group I,Iraq,Ahmed Qasem,Nashville SC,FW,96
Group I,Iraq,Jalal Hassan,Al-Zawraa,GK,84
Group I,Iraq,Ali Yousif,Al-Talaba,FW,82
Group I,Iraq,Zidane Iqbal,Utrecht,MF,108
Group I,Iraq,Ahmed Maknzi,Al-Karma,DF,84
Group I,Iraq,Amir Al-Ammari,Cracovia,MF,98
Group I,Iraq,Ali Jasim,Al-Najma,FW,84
Group I,Iraq,Aymen Hussein,Al-Karma,FW,84
Group I,Iraq,Kevin Yakob,AGF,MF,97
Group I,Iraq,Aimar Sher,Sarpsborg 08,MF,84
Group I,Iraq,Marko Farji,Venezia,FW,87
Group I,Iraq,Ahmed Basil,Al-Shorta,GK,84
Group I,Iraq,Merchas Doski,Viktoria Plzen,DF,112
Group I,Iraq,Zaid Ismail,Al-Talaba,MF,81
Group I,Iraq,Mustafa Saadoon,Al-Shorta,DF,83
Group I,Iraq,Frans Putros,Persib,DF,82
Group I,Norway,Orjan Nyland,Sevilla,GK,129
Group I,Norway,Morten Thorsby,Cremonese,MF,118
Group I,Norway,Kristoffer Ajer,Brentford,DF,122
Group I,Norway,Leo Ostigard,Genoa,DF,118
Group I,Norway,David Moller Wolfe,Wolverhampton Wanderers,DF,123
Group I,Norway,Patrick Berg,Bodo/Glimt,MF,106
Group I,Norway,Alexander Sorloth,Atletico Madrid,FW,147
Group I,Norway,Sander Berge,Fulham,MF,123
Group I,Norway,Erling Haaland,Manchester City,FW,194
Group I,Norway,Martin Odegaard,Arsenal,MF,166
Group I,Norway,Jorgen Strand Larsen,Crystal Palace,FW,125
Group I,Norway,Sander Tangvik,Hamburger SV,GK,119
Group I,Norway,Egil Selvik,Watford,GK,108
Group I,Norway,Fredrik Aursnes,Benfica,MF,132
Group I,Norway,Fredrik Andre Bjorkan,Bodo/Glimt,DF,105
Group I,Norway,Marcus Holmgren Pedersen,Torino,DF,120
Group I,Norway,Torbjorn Heggem,Bologna,DF,128
Group I,Norway,Kristian Thorstvedt,Sassuolo,MF,118
Group I,Norway,Thelo Aasgaard,Rangers,MF,115
Group I,Norway,Antonio Nusa,RB Leipzig,MF,133
Group I,Norway,Andreas Schjelderup,Benfica,MF,134
Group I,Norway,Oscar Bobb,Fulham,MF,122
Group I,Norway,Jens Petter Hauge,Bodo/Glimt,MF,105
Group I,Norway,Sondre Langas,Derby County,DF,109
Group I,Norway,Henrik Falchener,Viking,DF,84
Group I,Norway,Julian Ryerson,Borussia Dortmund,DF,146
Group I,Senegal,Yehvann Diouf,Nice,GK,123
Group I,Senegal,Mamadou Sarr,Chelsea,DF,150
Group I,Senegal,Kalidou Koulibaly,Al-Hilal,DF,122
Group I,Senegal,Abdoulaye Seck,Maccabi Haifa,DF,99
Group I,Senegal,Idrissa Gueye,Everton,MF,123
Group I,Senegal,Pathe Ciss,Rayo Vallecano,MF,118
Group I,Senegal,Assane Diao,Como,FW,120
Group I,Senegal,Lamine Camara,Monaco,MF,128
Group I,Senegal,Bamba Dieng,Lorient,FW,118
Group I,Senegal,Sadio Mane,Al-Nassr,FW,148
Group I,Senegal,Nicolas Jackson,Bayern Munich,FW,134
Group I,Senegal,Cherif Ndiaye,Samsunspor,FW,102
Group I,Senegal,Iliman Ndiaye,Everton,FW,133
Group I,Senegal,Ismail Jakobs,Galatasaray,DF,116
Group I,Senegal,Krepin Diatta,Monaco,DF,129
Group I,Senegal,Edouard Mendy,Al-Ahli,GK,118
Group I,Senegal,Pape Matar Sarr,Tottenham Hotspur,MF,143
Group I,Senegal,Ismaila Sarr,Crystal Palace,FW,157
Group I,Senegal,Moussa Niakhate,Lyon,DF,128
Group I,Senegal,Ibrahim Mbaye,Paris Saint-Germain,FW,168
Group I,Senegal,Habib Diarra,Sunderland,MF,119
Group I,Senegal,Bara Sapoko Ndiaye,Bayern Munich,MF,166
Group I,Senegal,Mory Diaw,Le Havre,GK,118
Group I,Senegal,Antoine Mendy,Nice,DF,121
Group I,Senegal,El Hadji Malick Diouf,West Ham United,DF,124
Group I,Senegal,Pape Gueye,Villarreal,MF,143
Group J,Algeria,Melvin Mastil,Stade Nyonnais,GK,94
Group J,Algeria,Aissa Mandi,Lille,DF,128
Group J,Algeria,Achref Abada,USM Alger,DF,87
Group J,Algeria,Mohamed Amine Tougai,Esperance de Tunis,DF,102
Group J,Algeria,Zineddine Belaid,JS Kabylie,DF,84
Group J,Algeria,Ramiz Zerrouki,Twente,MF,108
Group J,Algeria,Riyad Mahrez,Al-Ahli,FW,122
Group J,Algeria,Houssem Aouar,Al-Ittihad,MF,118
Group J,Algeria,Amine Gouiri,Marseille,FW,128
Group J,Algeria,Fares Chaibi,Eintracht Frankfurt,MF,124
Group J,Algeria,Anis Hadj Moussa,Feyenoord,FW,125
Group J,Algeria,Nadhir Benbouali,Gyori ETO,FW,82
Group J,Algeria,Jaouen Hadjam,Young Boys,DF,111
Group J,Algeria,Hicham Boudaoui,Nice,MF,123
Group J,Algeria,Rayan Ait-Nouri,Manchester City,DF,140
Group J,Algeria,Oussama Benbot,USM Alger,GK,85
Group J,Algeria,Rafik Belghali,Hellas Verona,DF,118
Group J,Algeria,Mohamed Amoura,VfL Wolfsburg,FW,127
Group J,Algeria,Nabil Bentaleb,Lille,MF,128
Group J,Algeria,Adil Boulbina,Al-Duhail,FW,100
Group J,Algeria,Ramy Bensebaini,Borussia Dortmund,DF,136
Group J,Algeria,Ibrahim Maza,Bayer Leverkusen,MF,139
Group J,Algeria,Luca Zidane,Granada,GK,117
Group J,Algeria,Yacine Titraoui,Charleroi,MF,101
Group J,Algeria,Fares Ghedjemis,Frosinone,FW,86
Group J,Algeria,Samir Chergui,Paris FC,DF,118
Group J,Argentina,Juan Musso,Atletico Madrid,GK,145
Group J,Argentina,Marcos Senesi,Bournemouth,DF,132
Group J,Argentina,Nicolas Tagliafico,Lyon,DF,128
Group J,Argentina,Gonzalo Montiel,River Plate,DF,119
Group J,Argentina,Leandro Paredes,Boca Juniors,MF,117
Group J,Argentina,Lisandro Martinez,Manchester United,DF,150
Group J,Argentina,Rodrigo De Paul,Inter Miami CF,MF,114
Group J,Argentina,Valentin Barco,Strasbourg,MF,124
Group J,Argentina,Julian Alvarez,Atletico Madrid,FW,157
Group J,Argentina,Lionel Messi,Inter Miami CF,FW,182
Group J,Argentina,Giovani Lo Celso,Real Betis,MF,131
Group J,Argentina,Geronimo Rulli,Marseille,GK,130
Group J,Argentina,Cristian Romero,Tottenham Hotspur,DF,147
Group J,Argentina,Exequiel Palacios,Bayer Leverkusen,MF,139
Group J,Argentina,Nicolas Gonzalez,Atletico Madrid,MF,147
Group J,Argentina,Thiago Almada,Atletico Madrid,FW,144
Group J,Argentina,Giuliano Simeone,Atletico Madrid,FW,142
Group J,Argentina,Nico Paz,Como,FW,129
Group J,Argentina,Nicolas Otamendi,Benfica,DF,138
Group J,Argentina,Alexis Mac Allister,Liverpool,MF,166
Group J,Argentina,Jose Manuel Lopez,Palmeiras,FW,114
Group J,Argentina,Lautaro Martinez,Inter Milan,FW,164
Group J,Argentina,Emiliano Martinez,Aston Villa,GK,144
Group J,Argentina,Enzo Fernandez,Chelsea,MF,156
Group J,Argentina,Facundo Medina,Marseille,DF,129
Group J,Argentina,Nahuel Molina,Atletico Madrid,DF,147
Group J,Austria,Alexander Schlager,Red Bull Salzburg,GK,116
Group J,Austria,David Affengruber,Elche,DF,118
Group J,Austria,Kevin Danso,Tottenham Hotspur,DF,144
Group J,Austria,Xaver Schlager,RB Leipzig,MF,132
Group J,Austria,Stefan Posch,Mainz 05,DF,120
Group J,Austria,Nicolas Seiwald,RB Leipzig,MF,134
Group J,Austria,Marko Arnautovic,Red Star Belgrade,FW,114
Group J,Austria,David Alaba,Real Madrid,DF,146
Group J,Austria,Marcel Sabitzer,Borussia Dortmund,MF,145
Group J,Austria,Florian Grillitsch,Braga,MF,108
Group J,Austria,Michael Gregoritsch,FC Augsburg,FW,118
Group J,Austria,Florian Wiegele,Viktoria Plzen,GK,111
Group J,Austria,Patrick Pentz,Brondby,GK,98
Group J,Austria,Sasa Kalajdzic,LASK,FW,100
Group J,Austria,Philipp Lienhart,SC Freiburg,DF,121
Group J,Austria,Phillipp Mwene,Mainz 05,DF,122
Group J,Austria,Carney Chukwuemeka,Borussia Dortmund,MF,145
Group J,Austria,Romano Schmid,Werder Bremen,MF,121
Group J,Austria,Dejan Ljubicic,Schalke 04,MF,88
Group J,Austria,Konrad Laimer,Bayern Munich,MF,144
Group J,Austria,Patrick Wimmer,VfL Wolfsburg,FW,121
Group J,Austria,Alexander Prass,TSG Hoffenheim,MF,122
Group J,Austria,Marco Friedl,Werder Bremen,DF,119
Group J,Austria,Paul Wanner,PSV Eindhoven,MF,129
Group J,Austria,Michael Svoboda,Venezia,DF,88
Group J,Austria,Alessandro Schopf,Wolfsberger AC,MF,82
Group J,Jordan,Yazeed Abulaila,Al-Hussein,GK,82
Group J,Jordan,Mohammad Abu Hashish,Al-Karma,DF,83
Group J,Jordan,Abdallah Nasib,Al-Zawraa,DF,82
Group J,Jordan,Husam Abu Dahab,Al-Faisaly,DF,84
Group J,Jordan,Yazan Al-Arab,FC Seoul,DF,100
Group J,Jordan,Amer Jamous,Al-Zawraa,MF,83
Group J,Jordan,Mohammad Abu Zrayq,Raja Casablanca,FW,101
Group J,Jordan,Noor Al-Rawabdeh,Selangor,MF,80
Group J,Jordan,Ali Olwan,Al-Sailiya,FW,80
Group J,Jordan,Musa Al-Taamari,Rennes,FW,122
Group J,Jordan,Odeh Al-Fakhouri,Pyramids,FW,100
Group J,Jordan,Nour Bani Attiah,Al-Faisaly,GK,82
Group J,Jordan,Mahmoud Al-Mardi,Al-Hussein,FW,80
Group J,Jordan,Rajaei Ayed,Al-Hussein,MF,81
Group J,Jordan,Ibrahim Sadeh,Al-Karma,MF,83
Group J,Jordan,Mo Abualnadi,Selangor,DF,82
Group J,Jordan,Salim Obaid,Al-Hussein,DF,82
Group J,Jordan,Mohammad Taha,Al-Hussein,MF,81
Group J,Jordan,Saed Al-Rosan,Al-Hussein,DF,82
Group J,Jordan,Mohannad Abu Taha,Al-Quwa Al-Jawiya,MF,82
Group J,Jordan,Nizar Al-Rashdan,Qatar SC,MF,82
Group J,Jordan,Abdallah Al-Fakhouri,Al-Wehdat,GK,56
Group J,Jordan,Ihsan Haddad,Al-Hussein,DF,82
Group J,Jordan,Ali Azaizeh,Al-Shabab,FW,100
Group J,Jordan,Mohammad Al-Dawoud,Al-Wehdat,MF,56
Group J,Jordan,Anas Badawi,Al-Faisaly,DF,84
Group K,Colombia,David Ospina,Atletico Nacional,GK,100
Group K,Colombia,Daniel Munoz,Crystal Palace,DF,128
Group K,Colombia,Jhon Lucumi,Bologna,DF,127
Group K,Colombia,Santiago Arias,Independiente,DF,100
Group K,Colombia,Kevin Castano,River Plate,MF,118
Group K,Colombia,Richard Rios,Benfica,MF,134
Group K,Colombia,Luis Diaz,Bayern Munich,FW,171
Group K,Colombia,Jorge Carrascal,Flamengo,MF,116
Group K,Colombia,Jhon Cordoba,Krasnodar,FW,102
Group K,Colombia,James Rodriguez,Minnesota United FC,MF,110
Group K,Colombia,Jhon Arias,Palmeiras,MF,116
Group K,Colombia,Camilo Vargas,Atlas,GK,100
Group K,Colombia,Yerry Mina,Cagliari,DF,122
Group K,Colombia,Gustavo Puerta,Racing Santander,DF,86
Group K,Colombia,Juan Portilla,Athletico Paranaense,MF,111
Group K,Colombia,Jefferson Lerma,Crystal Palace,MF,124
Group K,Colombia,Johan Mojica,Mallorca,DF,118
Group K,Colombia,Willer Ditta,Cruz Azul,DF,112
Group K,Colombia,Cucho Hernandez,Real Betis,FW,128
Group K,Colombia,Juan Fernando Quintero,River Plate,MF,117
Group K,Colombia,Jaminton Campaz,Rosario Central,FW,100
Group K,Colombia,Deiver Machado,Nantes,DF,118
Group K,Colombia,Davinson Sanchez,Galatasaray,DF,117
Group K,Colombia,Alvaro Montero,Velez Sarsfield,GK,100
Group K,Colombia,Luis Suarez,Sporting CP,FW,132
Group K,Colombia,Andres Gomez,Vasco da Gama,FW,112
Group K,DR Congo,Lionel Mpasi,Le Havre,GK,118
Group K,DR Congo,Aaron Wan-Bissaka,West Ham United,DF,126
Group K,DR Congo,Steve Kapuadi,Widzew Lodz,DF,96
Group K,DR Congo,Axel Tuanzebe,Burnley,DF,119
Group K,DR Congo,Dylan Batubinsika,AEL,DF,96
Group K,DR Congo,Ngal'ayel Mukau,Lille,MF,128
Group K,DR Congo,Nathanael Mbuku,Montpellier,MF,119
Group K,DR Congo,Samuel Moutoussamy,Atromitos,MF,84
Group K,DR Congo,Brian Cipenga,Castellon,FW,85
Group K,DR Congo,Theo Bongonda,Spartak Moscow,MF,103
Group K,DR Congo,Gael Kakuta,AEL,FW,97
Group K,DR Congo,Joris Kayembe,Genk,DF,113
Group K,DR Congo,Meschak Elia,Alanyaspor,FW,100
Group K,DR Congo,Noah Sadiki,Sunderland,MF,121
Group K,DR Congo,Aaron Tshibola,Kilmarnock,MF,96
Group K,DR Congo,Timothy Fayulu,Noah,GK,56
Group K,DR Congo,Cedric Bakambu,Real Betis,FW,128
Group K,DR Congo,Charles Pickel,Espanyol,MF,118
Group K,DR Congo,Fiston Mayele,Pyramids,FW,103
Group K,DR Congo,Yoane Wissa,Newcastle United,FW,138
Group K,DR Congo,Matthieu Epolo,Standard Liege,GK,101
Group K,DR Congo,Chancel Mbemba,Lille,DF,128
Group K,DR Congo,Simon Banza,Al Jazira,FW,98
Group K,DR Congo,Gedeon Kalulu,Aris Limassol,DF,96
Group K,DR Congo,Edo Kayembe,Watford,MF,110
Group K,DR Congo,Arthur Masuaku,Lens,DF,123
Group K,Portugal,Diogo Costa,Porto,GK,143
Group K,Portugal,Nelson Semedo,Fenerbahce,DF,116
Group K,Portugal,Ruben Dias,Manchester City,DF,168
Group K,Portugal,Tomas Araujo,Benfica,DF,132
Group K,Portugal,Diogo Dalot,Manchester United,DF,145
Group K,Portugal,Matheus Nunes,Manchester City,MF,164
Group K,Portugal,Cristiano Ronaldo,Al-Nassr,FW,148
Group K,Portugal,Bruno Fernandes,Manchester United,MF,155
Group K,Portugal,Goncalo Ramos,Paris Saint-Germain,FW,166
Group K,Portugal,Bernardo Silva,Manchester City,MF,162
Group K,Portugal,Joao Felix,Al-Nassr,FW,117
Group K,Portugal,Jose Sa,Wolverhampton Wanderers,GK,123
Group K,Portugal,Renato Veiga,Villarreal,DF,134
Group K,Portugal,Goncalo Inacio,Sporting CP,DF,138
Group K,Portugal,Joao Neves,Paris Saint-Germain,MF,170
Group K,Portugal,Francisco Trincao,Sporting CP,FW,135
Group K,Portugal,Rafael Leao,Milan,FW,145
Group K,Portugal,Pedro Neto,Chelsea,FW,154
Group K,Portugal,Goncalo Guedes,Real Sociedad,FW,130
Group K,Portugal,Joao Cancelo,Barcelona,DF,166
Group K,Portugal,Ruben Neves,Al-Hilal,MF,122
Group K,Portugal,Rui Silva,Sporting CP,GK,134
Group K,Portugal,Vitinha,Paris Saint-Germain,MF,172
Group K,Portugal,Samu Costa,Mallorca,DF,119
Group K,Portugal,Nuno Mendes,Paris Saint-Germain,DF,170
Group K,Portugal,Francisco Conceicao,Juventus,FW,146
Group K,Uzbekistan,Utkir Yusupov,Navbahor Namangan,GK,96
Group K,Uzbekistan,Abdukodir Khusanov,Manchester City,DF,161
Group K,Uzbekistan,Khojiakbar Alijonov,Pakhtakor,DF,100
Group K,Uzbekistan,Farrukh Sayfiev,Neftchi Fergana,DF,80
Group K,Uzbekistan,Rustam Ashurmatov,Esteghlal,DF,101
Group K,Uzbekistan,Akmal Mozgovoy,Pakhtakor,MF,98
Group K,Uzbekistan,Otabek Shukurov,Baniyas,MF,84
Group K,Uzbekistan,Jamshid Iskanderov,Neftchi Fergana,MF,81
Group K,Uzbekistan,Odiljon Hamrobekov,Tractor,MF,102
Group K,Uzbekistan,Ruslanbek Jiyanov,Navbahor Namangan,MF,96
Group K,Uzbekistan,Oston Urunov,Persepolis,MF,102
Group K,Uzbekistan,Abduvohid Nematov,Nasaf,GK,97
Group K,Uzbekistan,Sherzod Nasrullaev,Nasaf,DF,96
Group K,Uzbekistan,Eldor Shomurodov,Istanbul Basaksehir,FW,108
Group K,Uzbekistan,Umar Eshmurodov,Nasaf,DF,97
Group K,Uzbekistan,Botirali Ergashev,Neftchi Fergana,GK,81
Group K,Uzbekistan,Dostonbek Khamdamov,Pakhtakor,MF,99
Group K,Uzbekistan,Abdulla Abdullaev,Dibba,DF,80
Group K,Uzbekistan,Azizjon Ganiev,Al Bataeh,MF,84
Group K,Uzbekistan,Azizbek Amonov,Dinamo Samarqand,FW,83
Group K,Uzbekistan,Igor Sergeev,Persepolis,FW,100
Group K,Uzbekistan,Abbosbek Fayzullaev,Istanbul Basaksehir,MF,102
Group K,Uzbekistan,Sherzod Esanov,Bukhara,MF,54
Group K,Uzbekistan,Bekhruz Karimov,Surkhon Termiz,DF,80
Group K,Uzbekistan,Avazbek Ulmasaliev,AGMK,DF,99
Group K,Uzbekistan,Jakhongir Urozov,Dinamo Samarqand,DF,81
Group L,Croatia,Dominik Livakovic,Dinamo Zagreb,GK,120
Group L,Croatia,Josip Stanisic,Bayern Munich,DF,154
Group L,Croatia,Marin Pongracic,Fiorentina,DF,121
Group L,Croatia,Josko Gvardiol,Manchester City,DF,160
Group L,Croatia,Duje Caleta-Car,Real Sociedad,DF,128
Group L,Croatia,Josip Sutalo,Ajax,DF,130
Group L,Croatia,Nikola Moro,Bologna,MF,126
Group L,Croatia,Mateo Kovacic,Manchester City,MF,144
Group L,Croatia,Andrej Kramaric,TSG Hoffenheim,FW,120
Group L,Croatia,Luka Modric,Milan,MF,152
Group L,Croatia,Ante Budimir,Osasuna,FW,122
Group L,Croatia,Ivor Pandur,Hull City,GK,108
Group L,Croatia,Nikola Vlasic,Torino,MF,120
Group L,Croatia,Ivan Perisic,PSV Eindhoven,FW,129
Group L,Croatia,Mario Pasalic,Atalanta,MF,135
Group L,Croatia,Martin Baturina,Como,MF,120
Group L,Croatia,Petar Sucic,Inter Milan,MF,156
Group L,Croatia,Kristijan Jakic,FC Augsburg,DF,119
Group L,Croatia,Toni Fruk,Rijeka,MF,100
Group L,Croatia,Igor Matanovic,SC Freiburg,FW,122
Group L,Croatia,Luka Sucic,Real Sociedad,MF,129
Group L,Croatia,Luka Vuskovic,Hamburger SV,DF,158
Group L,Croatia,Dominik Kotarski,Copenhagen,GK,114
Group L,Croatia,Marco Pasalic,Orlando City SC,FW,96
Group L,Croatia,Martin Erlic,Midtjylland,DF,112
Group L,Croatia,Petar Musa,FC Dallas,FW,98
Group L,England,Jordan Pickford,Everton,GK,130
Group L,England,Ezri Konsa,Aston Villa,DF,134
Group L,England,Nico O'Reilly,Manchester City,DF,158
Group L,England,Declan Rice,Arsenal,MF,177
Group L,England,John Stones,Manchester City,DF,163
Group L,England,Marc Guehi,Manchester City,DF,166
Group L,England,Bukayo Saka,Arsenal,FW,168
Group L,England,Elliot Anderson,Nottingham Forest,MF,164
Group L,England,Harry Kane,Bayern Munich,FW,193
Group L,England,Jude Bellingham,Real Madrid,MF,178
Group L,England,Marcus Rashford,Barcelona,FW,168
Group L,England,Trevoh Chalobah,Chelsea,DF,147
Group L,England,Dean Henderson,Crystal Palace,GK,122
Group L,England,Jordan Henderson,Brentford,MF,124
Group L,England,Dan Burn,Newcastle United,DF,134
Group L,England,Kobbie Mainoo,Manchester United,MF,146
Group L,England,Morgan Rogers,Aston Villa,MF,155
Group L,England,Anthony Gordon,Newcastle United,FW,152
Group L,England,Ollie Watkins,Aston Villa,FW,161
Group L,England,Noni Madueke,Arsenal,FW,142
Group L,England,Eberechi Eze,Arsenal,MF,161
Group L,England,Ivan Toney,Al-Ahli,FW,146
Group L,England,James Trafford,Manchester City,GK,127
Group L,England,Reece James,Chelsea,DF,141
Group L,England,Djed Spence,Tottenham Hotspur,DF,138
Group L,England,Jarell Quansah,Bayer Leverkusen,DF,134
Group L,Ghana,Lawrence Ati-Zigi,St. Gallen,GK,99
Group L,Ghana,Alidu Seidu,Rennes,DF,122
Group L,Ghana,Caleb Yirenkyi,Nordsjaelland,MF,99
Group L,Ghana,Jonas Adjetey,VfL Wolfsburg,DF,120
Group L,Ghana,Thomas Partey,Villarreal,MF,135
Group L,Ghana,Abdul Mumin,Rayo Vallecano,DF,118
Group L,Ghana,Abdul Fatawu,Leicester City,FW,113
Group L,Ghana,Kwasi Sibo,Oviedo,MF,118
Group L,Ghana,Jordan Ayew,Leicester City,FW,115
Group L,Ghana,Brandon Thomas-Asante,Coventry City,FW,110
Group L,Ghana,Antoine Semenyo,Manchester City,MF,160
Group L,Ghana,Joseph Anang,St Patrick's Athletic,GK,84
Group L,Ghana,Christopher Bonsu Baah,Al-Qadsiah,FW,105
Group L,Ghana,Gideon Mensah,Auxerre,DF,118
Group L,Ghana,Elisha Owusu,Auxerre,MF,118
Group L,Ghana,Benjamin Asare,Hearts of Oak,GK,82
Group L,Ghana,Abdul Rahman Baba,PAOK,DF,114
Group L,Ghana,Jerome Opoku,Istanbul Basaksehir,DF,103
Group L,Ghana,Inaki Williams,Athletic Bilbao,FW,136
Group L,Ghana,Augustine Boakye,Saint-Etienne,MF,118
Group L,Ghana,Kojo Peprah Oppong,Nice,DF,122
Group L,Ghana,Kamaldeen Sulemana,Atalanta,FW,124
Group L,Ghana,Derrick Luckassen,Pafos,DF,98
Group L,Ghana,Ernest Nuamah,Lyon,FW,127
Group L,Ghana,Prince Kwabena Adu,Viktoria Plzen,FW,113
Group L,Ghana,Marvin Senaya,Auxerre,DF,119
Group L,Panama,Luis Mejia,Nacional,GK,87
Group L,Panama,Cesar Blackman,Slovan Bratislava,DF,100
Group L,Panama,Jose Cordoba,Norwich City,DF,109
Group L,Panama,Fidel Escobar,Saprissa,DF,100
Group L,Panama,Edgardo Farina,Pari Nizhny Novgorod,DF,81
Group L,Panama,Cristian Martinez,Ironi Kiryat Shmona,MF,81
Group L,Panama,Jose Luis Rodriguez,Juarez,MF,96
Group L,Panama,Adalberto Carrasquilla,Pumas UNAM,MF,108
Group L,Panama,Tomas Rodriguez,Saprissa,FW,98
Group L,Panama,Ismael Diaz,Leon,MF,100
Group L,Panama,Yoel Barcenas,Mazatlan,MF,98
Group L,Panama,Cesar Samudio,Marathon,GK,58
Group L,Panama,Jiovany Ramos,Puerto Cabello,DF,83
Group L,Panama,Carlos Harvey,Minnesota United FC,DF,97
Group L,Panama,Eric Davis,Plaza Amador,DF,84
Group L,Panama,Andres Andrade,LASK,DF,99
Group L,Panama,Jose Fajardo,Universidad Catolica,FW,99
Group L,Panama,Cecilio Waterman,Universidad de Concepcion,FW,84
Group L,Panama,Alberto Quintero,Plaza Amador,MF,83
Group L,Panama,Anibal Godoy,San Diego FC,MF,98
Group L,Panama,Cesar Yanis,Cobresal,MF,82
Group L,Panama,Orlando Mosquera,Al-Fayha,GK,84
Group L,Panama,Michael Amir Murillo,Besiktas,DF,114
Group L,Panama,Azarias Londono,Universidad Catolica,FW,100
Group L,Panama,Roderick Miller,Turan Tovuz,DF,57
Group L,Panama,Jorge Gutierrez,Deportivo La Guaira,DF,85